-- phpMyAdmin SQL Dump
-- version 3.4.10.1deb1
-- http://www.phpmyadmin.net
--
-- 主机: localhost
-- 生成日期: 2014 年 10 月 13 日 18:33
-- 服务器版本: 5.5.38
-- PHP 版本: 5.3.10-1ubuntu3.14

SET SQL_MODE="NO_AUTO_VALUE_ON_ZERO";
SET time_zone = "+00:00";


/*!40101 SET @OLD_CHARACTER_SET_CLIENT=@@CHARACTER_SET_CLIENT */;
/*!40101 SET @OLD_CHARACTER_SET_RESULTS=@@CHARACTER_SET_RESULTS */;
/*!40101 SET @OLD_COLLATION_CONNECTION=@@COLLATION_CONNECTION */;
/*!40101 SET NAMES utf8 */;

--
-- 数据库: `idea`
--

-- --------------------------------------------------------

--
-- 表的结构 `attention`
--

CREATE TABLE IF NOT EXISTS `attention` (
  `attention_id` int(11) NOT NULL AUTO_INCREMENT,
  `userid` int(11) NOT NULL,
  `attention_userid` int(11) NOT NULL,
  PRIMARY KEY (`attention_id`),
  KEY `fk_user_attention` (`userid`)
) ENGINE=InnoDB  DEFAULT CHARSET=utf8 COLLATE=utf8_bin AUTO_INCREMENT=14 ;

--
-- 转存表中的数据 `attention`
--

INSERT INTO `attention` (`attention_id`, `userid`, `attention_userid`) VALUES
(13, 1, 78);

-- --------------------------------------------------------

--
-- 表的结构 `comment_like`
--

CREATE TABLE IF NOT EXISTS `comment_like` (
  `id` int(11) NOT NULL AUTO_INCREMENT,
  `comment_id` int(11) DEFAULT NULL,
  `liker_id` int(11) DEFAULT NULL,
  `comment_like_time` timestamp NOT NULL DEFAULT CURRENT_TIMESTAMP,
  `like_type` int(11) NOT NULL DEFAULT '0',
  PRIMARY KEY (`id`)
) ENGINE=InnoDB  DEFAULT CHARSET=utf8 AUTO_INCREMENT=78 ;

--
-- 转存表中的数据 `comment_like`
--

INSERT INTO `comment_like` (`id`, `comment_id`, `liker_id`, `comment_like_time`, `like_type`) VALUES
(1, 2, 405113, '2014-09-28 06:39:19', 0),
(2, 2, 405113, '2014-09-28 06:39:24', 0),
(3, 2, 405113, '2014-09-28 06:39:25', 0),
(4, 2, 405113, '2014-09-28 06:39:42', 0),
(5, 2, 405113, '2014-09-28 06:40:16', 0),
(6, 2, 405113, '2014-09-28 06:40:37', 0),
(7, 2, 405113, '2014-09-28 06:40:37', 0),
(8, 2, 405113, '2014-09-28 06:40:38', 0),
(9, 2, 405113, '2014-09-28 06:40:42', 0),
(10, 2, 405113, '2014-09-28 06:40:44', 0),
(11, 2, 405113, '2014-09-28 06:40:58', 0),
(12, 2, 405113, '2014-09-28 06:41:17', 0),
(13, 2, 405113, '2014-09-28 06:41:18', 0),
(14, 2, 405113, '2014-09-28 06:41:25', 0),
(15, 2, 405113, '2014-09-28 06:41:26', 0),
(16, 2, 405113, '2014-09-28 06:41:53', 0),
(17, 405113, 2, '2014-09-28 06:43:05', 0),
(18, 405113, 2, '2014-09-28 06:43:13', 0),
(19, 405113, 2, '2014-09-28 06:43:13', 0),
(20, 405113, 2, '2014-09-28 06:43:44', 0),
(21, 405113, 2, '2014-09-28 06:43:45', 0),
(22, 405113, 2, '2014-09-28 06:43:45', 0),
(23, 405113, 2, '2014-09-28 06:43:46', 0),
(24, 405113, 2, '2014-09-28 06:43:46', 0),
(25, 405113, 2, '2014-09-28 06:43:46', 0),
(26, 405113, 2, '2014-09-28 06:43:46', 0),
(27, 405113, 2, '2014-09-28 06:43:46', 0),
(28, 405113, 2, '2014-09-28 06:43:47', 0),
(29, 405113, 2, '2014-09-28 06:43:47', 0),
(30, 405113, 2, '2014-09-28 06:43:47', 0),
(31, 405113, 2, '2014-09-28 06:43:47', 0),
(32, 405113, 2, '2014-09-28 06:43:47', 0),
(33, 405113, 2, '2014-09-28 06:43:47', 0),
(34, 405113, 2, '2014-09-28 06:43:48', 0),
(35, 405113, 2, '2014-09-28 06:43:48', 0),
(36, 405113, 2, '2014-09-28 06:45:02', 0),
(37, 405113, 2, '2014-09-28 06:45:03', 0),
(38, 405113, 2, '2014-09-28 06:45:25', 0),
(39, 405113, 2, '2014-09-28 06:45:26', 0),
(40, 405113, 2, '2014-09-28 06:56:32', 0),
(41, 405113, 2, '2014-09-28 06:56:34', 0),
(42, 405113, 2, '2014-09-28 06:56:34', 0),
(43, 405113, 2, '2014-09-28 06:56:34', 0),
(44, 405113, 2, '2014-09-28 06:56:35', 0),
(45, 405113, 2, '2014-09-28 06:56:35', 0),
(46, 405113, 2, '2014-09-28 06:56:35', 0),
(47, 405113, 2, '2014-09-28 06:56:35', 0),
(48, 405113, 2, '2014-09-28 06:56:35', 0),
(49, 405113, 2, '2014-09-28 06:56:35', 0),
(50, 405113, 2, '2014-09-28 06:56:36', 0),
(51, 405113, 2, '2014-09-28 06:56:36', 0),
(52, 405113, 2, '2014-09-28 06:56:36', 0),
(53, 405113, 2, '2014-09-28 06:56:36', 0),
(54, 405113, 2, '2014-09-28 06:56:36', 0),
(55, 405113, 2, '2014-09-28 06:56:36', 0),
(56, 405113, 2, '2014-09-28 06:56:37', 0),
(57, 405113, 2, '2014-09-28 06:56:37', 0),
(58, 405113, 2, '2014-09-28 06:56:37', 0),
(59, 405113, 2, '2014-09-28 06:56:37', 0),
(60, 405113, 2, '2014-09-28 06:56:37', 0),
(61, 405113, 2, '2014-09-28 06:56:38', 0),
(62, 405113, 2, '2014-09-28 06:56:38', 0),
(63, 405113, 2, '2014-09-28 06:56:38', 0),
(64, 405113, 2, '2014-09-28 06:56:38', 0),
(65, 405113, 2, '2014-09-28 06:56:38', 0),
(66, 405113, 2, '2014-09-28 06:56:38', 0),
(67, 405113, 2, '2014-09-28 06:56:39', 0),
(68, 405113, 2, '2014-09-28 06:56:39', 0),
(69, 405113, 2, '2014-09-28 06:56:39', 0),
(70, 405113, 2, '2014-09-28 06:56:39', 0),
(71, 405113, 2, '2014-09-28 06:56:39', 0),
(72, 405113, 2, '2014-09-28 06:56:39', 0),
(73, 405113, 2, '2014-09-28 06:56:40', 0),
(74, 405113, 2, '2014-09-28 06:56:40', 0),
(75, 405113, 2, '2014-09-28 06:56:40', 0),
(76, 405132, 1, '2014-09-30 08:51:23', 0),
(77, 405131, 1, '2014-09-30 08:51:24', 0);

-- --------------------------------------------------------

--
-- 表的结构 `feedback`
--

CREATE TABLE IF NOT EXISTS `feedback` (
  `id` int(11) NOT NULL AUTO_INCREMENT,
  `msg` text NOT NULL,
  `time` timestamp NOT NULL DEFAULT CURRENT_TIMESTAMP,
  `userid` text NOT NULL,
  PRIMARY KEY (`id`)
) ENGINE=InnoDB  DEFAULT CHARSET=utf8 AUTO_INCREMENT=4 ;

--
-- 转存表中的数据 `feedback`
--

INSERT INTO `feedback` (`id`, `msg`, `time`, `userid`) VALUES
(1, 'å¥½çš„', '2014-09-05 13:52:21', '123123'),
(2, 'å¥½çš„', '2014-09-05 13:52:28', ''),
(3, '好的', '2014-09-05 13:54:15', 'dsf');

-- --------------------------------------------------------

--
-- 表的结构 `group`
--

CREATE TABLE IF NOT EXISTS `group` (
  `group_id` int(11) NOT NULL AUTO_INCREMENT,
  `group_name` varchar(200) CHARACTER SET utf8 COLLATE utf8_bin NOT NULL,
  PRIMARY KEY (`group_id`)
) ENGINE=InnoDB  DEFAULT CHARSET=utf8 AUTO_INCREMENT=4 ;

--
-- 转存表中的数据 `group`
--

INSERT INTO `group` (`group_id`, `group_name`) VALUES
(1, 'normal'),
(2, 'admin'),
(3, '超级管理员');

-- --------------------------------------------------------

--
-- 表的结构 `group_auth`
--

CREATE TABLE IF NOT EXISTS `group_auth` (
  `auth_id` int(11) NOT NULL AUTO_INCREMENT,
  `group_name` int(11) NOT NULL,
  `action_name` varchar(255) NOT NULL,
  PRIMARY KEY (`auth_id`),
  KEY `fk_group_auth_id` (`group_name`)
) ENGINE=InnoDB  DEFAULT CHARSET=utf8 AUTO_INCREMENT=9 ;

--
-- 转存表中的数据 `group_auth`
--

INSERT INTO `group_auth` (`auth_id`, `group_name`, `action_name`) VALUES
(1, 2, 'admin'),
(2, 2, 'view'),
(3, 1, 'view'),
(4, 1, 'submitproject'),
(5, 2, 'submitproject'),
(7, 3, 'admin'),
(8, 3, 'view');

-- --------------------------------------------------------

--
-- 表的结构 `idea_activity`
--

CREATE TABLE IF NOT EXISTS `idea_activity` (
  `activity_id` int(11) NOT NULL AUTO_INCREMENT,
  `pic_url` varchar(200) CHARACTER SET utf8 COLLATE utf8_bin NOT NULL,
  `activity_name` varchar(200) DEFAULT NULL,
  `qiu_piao_url` varchar(200) DEFAULT NULL,
  `content` text,
  `activity_url` varchar(200) NOT NULL,
  PRIMARY KEY (`activity_id`)
) ENGINE=InnoDB  DEFAULT CHARSET=utf8 AUTO_INCREMENT=5 ;

--
-- 转存表中的数据 `idea_activity`
--

INSERT INTO `idea_activity` (`activity_id`, `pic_url`, `activity_name`, `qiu_piao_url`, `content`, `activity_url`) VALUES
(4, '', '', '', NULL, '');

-- --------------------------------------------------------

--
-- 表的结构 `idea_comment`
--

CREATE TABLE IF NOT EXISTS `idea_comment` (
  `id` int(11) NOT NULL AUTO_INCREMENT,
  `idea_id` int(11) DEFAULT NULL,
  `context` text,
  `is_close` int(11) DEFAULT NULL,
  `comment_time` datetime DEFAULT NULL,
  `comment_url` varchar(100) DEFAULT NULL,
  `son_id` int(11) DEFAULT NULL,
  `sender_id` int(11) NOT NULL,
  `receiver_id` int(11) NOT NULL,
  `is_digest` int(11) NOT NULL DEFAULT '0',
  `comment_like_sum` int(11) NOT NULL DEFAULT '0',
  PRIMARY KEY (`id`)
) ENGINE=InnoDB  DEFAULT CHARSET=utf8 AUTO_INCREMENT=405141 ;

--
-- 转存表中的数据 `idea_comment`
--

INSERT INTO `idea_comment` (`id`, `idea_id`, `context`, `is_close`, `comment_time`, `comment_url`, `son_id`, `sender_id`, `receiver_id`, `is_digest`, `comment_like_sum`) VALUES
(405113, 83, '看起来不错！！！<img src="asset/arclist/3.gif" border="0" />', NULL, '2014-09-03 23:21:35', NULL, NULL, 1, 0, 0, 57),
(405114, 84, '看起来挺好的，赞一个', NULL, '2014-09-03 23:42:10', NULL, NULL, 1, 0, 0, 0),
(405115, 89, '啊看到了手机费；就是地方可垃圾收电费了；阿迪飞啊看到了手机费；就是地方可垃圾收电费了；阿迪飞啊看到了手机费；就是地方可垃圾收电费了；阿迪飞啊看到了手机费；就是地方可垃圾收电费了；阿迪飞啊看到了手机费；就是地方可垃圾收电费了；阿迪飞啊看到了手机费；就是地方可垃圾收电费了；阿迪飞啊看到了手机费；就是地方可垃圾收电费了；阿迪飞啊看到了手机费；就是地方可垃圾收电费了；阿迪飞啊看到了手机费；就是地方可垃圾收电费了；阿迪飞啊看到了手机费；就是地方可垃圾收电费了；阿迪飞啊看到了手机费；就是地方可垃圾收电费了；阿迪飞啊看到了手机费；就是地方可垃圾收电费了；阿迪飞啊看到了手机费；就是地方可垃圾收电费了；阿迪飞啊看到了手机费；就是地方可垃圾收电费了；阿迪飞啊看到了手机费；就是地方可垃圾收电费了；阿迪飞啊看到了手机费；就是地方可垃圾收电费了；阿迪飞啊看到了手机费；就是地方可垃圾收电费了；阿迪飞啊看到了手机费；就是地方可垃圾收电费了；阿迪飞啊看到了手机费；就是地方可垃圾收电费了；阿迪飞啊看到了手机费；就是地方可垃圾收电费了；阿迪飞啊看到了手机费；就是地方可垃圾收电费了；阿迪飞啊看到了手机费；就是地方可垃圾收电费了；阿迪飞啊看到了手机费；就是地方可垃圾收电费了；阿迪飞啊看到了手机费；就是地方可垃圾收电费了；阿迪飞啊看到了手机费；就是地方可垃圾收电费了；阿迪飞啊看到了手机费；就是地方可垃圾收电费了；阿迪飞啊看到了手机费；就是地方可垃圾收电费了；阿迪飞啊看到了手机费；就是地方可垃圾收电费了；阿迪飞啊看到了手机费；就是地方可垃圾收电费了；阿迪飞啊看到了手机费；就是地方可垃圾收电费了；阿迪飞啊看到了手机费；就是地方可垃圾收电费了；阿迪飞啊看到了手机费；就是地方可垃圾收电费了；阿迪飞啊看到了手机费；就是地方可垃圾收电费了；阿迪飞啊看到了手机费；就是地方可垃圾收电费了；阿迪飞啊看到了手机费；就是地方可垃圾收电费了；阿迪飞啊看到了手机费；就是地方可垃圾收电费了；阿迪飞啊看到了手机费；就是地方可垃圾收电费了；阿迪飞啊看到了手机费；就是地方可垃圾收电费了；阿迪飞啊看到了手机费；就是地方可垃圾收电费了；阿迪飞啊看到了手机费；就是地方可垃圾收电费了；阿迪飞啊看到了手机费；就是地方可垃圾收电费了；阿迪飞啊看到了手机费；就是地方可垃圾收电费了；阿迪飞啊看到了手机费；就是地方可垃圾收电费了；阿迪飞啊看到了手机费；就是地方可垃圾收电费了；阿迪飞啊看到了手机费；就是地方可垃圾收电费了；阿迪飞啊看到了手机费；就是地方可垃圾收电费了；阿迪飞啊看到了手机费；就是地方可垃圾收电费了；阿迪飞啊看到了手机费；就是地方可垃圾收电费了；阿迪飞啊看到了手机费；就是地方可垃圾收电费了；阿迪飞啊看到了手机费；就是地方可垃圾收电费了；阿迪飞啊看到了手机费；就是地方可垃圾收电费了；阿迪飞啊看到了手机费；就是地方可垃圾收电费了；阿迪飞啊看到了手机费；就是地方可垃圾收电费了；阿迪飞啊看到了手机费；就是地方可垃圾收电费了；阿迪飞啊看到了手机费；就是地方可垃圾收电费了；阿迪飞啊看到了手机费；就是地方可垃圾收电费了；阿迪飞啊看到了手机费；就是地方可垃圾收电费了；阿迪飞啊看到了手机费；就是地方可垃圾收电费了；阿迪飞啊看到了手机费；就是地方可垃圾收电费了；阿迪飞啊看到了手机费；就是地方可垃圾收电费了；阿迪飞啊看到了手机费；就是地方可垃圾收电费了；阿迪飞啊看到了手机费；就是地方可垃圾收电费了；阿迪飞啊看到了手机费；就是地方可垃圾收电费了；阿迪飞啊看到了手机费；就是地方可垃圾收电费了；阿迪飞d啊看到了手机费；就是地方可垃圾收电费了；阿迪飞啊看到了手机费；就是地方可垃圾收电费了；阿迪飞啊看到了手机费；就是地方可垃圾收电费了；阿迪飞啊看到了手机费；就是地方可垃圾收电费了；阿迪飞啊看到了手机费；就是地方可垃圾收电费了；阿迪飞啊看到了手机费；就是地方可垃圾收电费了；阿迪飞啊看到了手机费；就是地方可垃圾收电费了；阿迪飞啊看到了手机费；就是地方可垃圾收电费了；阿迪飞啊看到了手机费；就是地方可垃圾收电费了；阿迪飞啊看到了手机费；就是地方可垃圾收电费了；阿迪飞啊看到了手机费；就是地方可垃圾收电费了；阿迪飞啊看到了手机费；就是地方可垃圾收电费了；阿迪飞啊看到了手机费；就是地方可垃圾收电费了；阿迪飞啊看到了手机费；就是地方可垃圾收电费了；阿迪飞啊看到了手机费；就是地方可垃圾收电费了；阿迪飞啊看到了手机费；就是地方可垃圾收电费了；阿迪飞啊看到了手机费；就是地方可垃圾收电费了；阿迪飞啊看到了手机费；就是地方可垃圾收电费了；阿迪飞啊看到了手机费；就是地方可垃圾收电费了；阿迪飞啊看到了手机费；就是地方可垃圾收电费了；阿迪飞啊看到了手机费；就是地方可垃圾收电费了；阿迪飞啊看到了手机费；就是地方可垃圾收电费了；阿迪飞啊看到了手机费；就是地方可垃圾收电费了；阿迪飞啊看到了手机费；就是地方可垃圾收电费了；阿迪飞啊看到了手机费；就是地方可垃圾收电费了；阿迪飞啊看到了手机费；就是地方可垃圾收电费了；阿迪飞啊看到了手机费；就是地方可垃圾收电费了；阿迪飞啊看到了手机费；就是地方可垃圾收电费了；阿迪飞啊看到了手机费；就是地方可垃圾收电费了；阿迪飞啊看到了手机费；就是地方可垃圾收电费了；阿迪飞啊看到了手机费；就是地方可垃圾收电费了；阿迪飞啊看到了手机费；就是地方可垃圾收电费了；阿迪飞啊看到了手机费；就是地方可垃圾收电费了；阿迪飞啊看到了手机费；就是地方可垃圾收电费了；阿迪飞啊看到了手机费；就是地方可垃圾收电费了；阿迪飞啊看到了手机费；就是地方可垃圾收电费了；阿迪飞啊看到了手机费；就是地方可垃圾收电费了；阿迪飞啊看到了手机费；就是地方可垃圾收电费了；阿迪飞啊看到了手机费；就是地方可垃圾收电费了；阿迪飞啊看到了手机费；就是地方可垃圾收电费了；阿迪飞啊看到了手机费；就是地方可垃圾收电费了；阿迪飞啊看到了手机费；就是地方可垃圾收电费了；阿迪飞啊看到了手机费；就是地方可垃圾收电费了；阿迪飞啊看到了手机费；就是地方可垃圾收电费了；阿迪飞啊看到了手机费；就是地方可垃圾收电费了；阿迪飞啊看到了手机费；就是地方可垃圾收电费了；阿迪飞啊看到了手机费；就是地方可垃圾收电费了；阿迪飞啊看到了手机费；就是地方可垃圾收电费了；阿迪飞啊看到了手机费；就是地方可垃圾收电费了；阿迪飞啊看到了手机费；就是地方可垃圾收电费了；阿迪飞啊看到了手机费；就是地方可垃圾收电费了；阿迪飞啊看到了手机费；就是地方可垃圾收电费了；阿迪飞啊看到了手机费；就是地方可垃圾收电费了；阿迪飞啊看到了手机费；就是地方可垃圾收电费了；阿迪飞啊看到了手机费；就是地方可垃圾收电费了；阿迪飞啊看到了手机费；就是地方可垃圾收电费了；阿迪飞啊看到了手机费；就是地方可垃圾收电费了；阿迪飞啊看到了手机费；就是地方可垃圾收电费了；阿迪飞啊看到了手机费；就是地方可垃圾收电费了；阿迪飞啊看到了手机费；就是地方可垃圾收电费了；阿迪飞啊看到了手机费；就是地方可垃圾收电费了；阿迪飞啊看到了手机费；就是地方可垃圾收电费了；阿迪飞啊看到了手机费；就是地方可垃圾收电费了；阿迪飞啊看到了手机费；就是地方可垃圾收电费了；阿迪飞d啊看到了手机费；就是地方可垃圾收电费了；阿迪飞啊看到了手机费；就是地方可垃圾收电费了；阿迪飞啊看到了手机费；就是地方可垃圾收电费了；阿迪飞啊看到了手机费；就是地方可垃圾收电费了；阿迪飞啊看到了手机费；就是地方可垃圾收电费了；阿迪飞啊看到了手机费；就是地方可垃圾收电费了；阿迪飞啊看到了手机费；就是地方可垃圾收电费了；阿迪飞啊看到了手机费；就是地方可垃圾收电费了；阿迪飞啊看到了手机费；就是地方可垃圾收电费了；阿迪飞啊看到了手机费；就是地方可垃圾收电费了；阿迪飞啊看到了手机费；就是地方可垃圾收电费了；阿迪飞啊看到了手机费；就是地方可垃圾收电费了；阿迪飞啊看到了手机费；就是地方可垃圾收电费了；阿迪飞啊看到了手机费；就是地方可垃圾收电费了；阿迪飞啊看到了手机费；就是地方可垃圾收电费了；阿迪飞啊看到了手机费；就是地方可垃圾收电费了；阿迪飞啊看到了手机费；就是地方可垃圾收电费了；阿迪飞啊看到了手机费；就是地方可垃圾收电费了；阿迪飞啊看到了手机费；就是地方可垃圾收电费了；阿迪飞啊看到了手机费；就是地方可垃圾收电费了；阿迪飞啊看到了手机费；就是地方可垃圾收电费了；阿迪飞啊看到了手机费；就是地方可垃圾收电费了；阿迪飞啊看到了手机费；就是地方可垃圾收电费了；阿迪飞啊看到了手机费；就是地方可垃圾收电费了；阿迪飞啊看到了手机费；就是地方可垃圾收电费了；阿迪飞啊看到了手机费；就是地方可垃圾收电费了；阿迪飞啊看到了手机费；就是地方可垃圾收电费了；阿迪飞啊看到了手机费；就是地方可垃圾收电费了；阿迪飞啊看到了手机费；就是地方可垃圾收电费了；阿迪飞啊看到了手机费；就是地方可垃圾收电费了；阿迪飞啊看到了手机费；就是地方可垃圾收电费了；阿迪飞啊看到了手机费；就是地方可垃圾收电费了；阿迪飞啊看到了手机费；就是地方可垃圾收电费了；阿迪飞啊看到了手机费；就是地方可垃圾收电费了；阿迪飞啊看到了手机费；就是地方可垃圾收电费了；阿迪飞啊看到了手机费；就是地方可垃圾收电费了；阿迪飞啊看到了手机费；就是地方可垃圾收电费了；阿迪飞啊看到了手机费；就是地方可垃圾收电费了；阿迪飞啊看到了手机费；就是地方可垃圾收电费了；阿迪飞啊看到了手机费；就是地方可垃圾收电费了；阿迪飞啊看到了手机费；就是地方可垃圾收电费了；阿迪飞啊看到了手机费；就是地方可垃圾收电费了；阿迪飞啊看到了手机费；就是地方可垃圾收电费了；阿迪飞啊看到了手机费；就是地方可垃圾收电费了；阿迪飞啊看到了手机费；就是地方可垃圾收电费了；阿迪飞啊看到了手机费；就是地方可垃圾收电费了；阿迪飞啊看到了手机费；就是地方可垃圾收电费了；阿迪飞啊看到了手机费；就是地方可垃圾收电费了；阿迪飞啊看到了手机费；就是地方可垃圾收电费了；阿迪飞啊看到了手机费；就是地方可垃圾收电费了；阿迪飞啊看到了手机费；就是地方可垃圾收电费了；阿迪飞啊看到了手机费；就是地方可垃圾收电费了；阿迪飞啊看到了手机费；就是地方可垃圾收电费了；阿迪飞啊看到了手机费；就是地方可垃圾收电费了；阿迪飞啊看到了手机费；就是地方可垃圾收电费了；阿迪飞啊看到了手机费；就是地方可垃圾收电费了；阿迪飞啊看到了手机费；就是地方可垃圾收电费了；阿迪飞啊看到了手机费；就是地方可垃圾收电费了；阿迪飞啊看到了手机费；就是地方可垃圾收电费了；阿迪飞啊看到了手机费；就是地方可垃圾收电费了；阿迪飞啊看到了手机费；就是地方可垃圾收电费了；阿迪飞啊看到了手机费；就是地方可垃圾收电费了；阿迪飞啊看到了手机费；就是地方可垃圾收电费了；阿迪飞啊看到了手机费；就是地方可垃圾收电费了；阿迪飞d啊看到了手机费；就是地方可垃圾收电费了；阿迪飞啊看到了手机费；就是地方可垃圾收电费了；阿迪飞啊看到了手机费；就是地方可垃圾收电费了；阿迪飞啊看到了手机费；就是地方可垃圾收电费了；阿迪飞啊看到了手机费；就是地方可垃圾收电费了；阿迪飞啊看到了手机费；就是地方可垃圾收电费了；阿迪飞啊看到了手机费；就是地方可垃圾收电费了；阿迪飞啊看到了手机费；就是地方可垃圾收电费了；阿迪飞啊看到了手机费；就是地方可垃圾收电费了；阿迪飞啊看到了手机费；就是地方可垃圾收电费了；阿迪飞啊看到了手机费；就是地方可垃圾收电费了；阿迪飞啊看到了手机费；就是地方可垃圾收电费了；阿迪飞啊看到了手机费；就是地方可垃圾收电费了；阿迪飞啊看到了手机费；就是地方可垃圾收电费了；阿迪飞啊看到了手机费；就是地方可垃圾收电费了；阿迪飞啊看到了手机费；就是地方可垃圾收电费了；阿迪飞啊看到了手机费；就是地方可垃圾收电费了；阿迪飞啊看到了手机费；就是地方可垃圾收电费了；阿迪飞啊看到了手机费；就是地方可垃圾收电费了；阿迪飞啊看到了手机费；就是地方可垃圾收电费了；阿迪飞啊看到了手机费；就是地方可垃圾收电费了；阿迪飞啊看到了手机费；就是地方可垃圾收电费了；阿迪飞啊看到了手机费；就是地方可垃圾收电费了；阿迪飞啊看到了手机费；就是地方可垃圾收电费了；阿迪飞啊看到了手机费；就是地方可垃圾收电费了；阿迪飞啊看到了手机费；就是地方可垃圾收电费了；阿迪飞啊看到了手机费；就是地方可垃圾收电费了；阿迪飞啊看到了手机费；就是地方可垃圾收电费了；阿迪飞啊看到了手机费；就是地方可垃圾收电费了；阿迪飞啊看到了手机费；就是地方可垃圾收电费了；阿迪飞啊看到了手机费；就是地方可垃圾收电费了；阿迪飞啊看到了手机费；就是地方可垃圾收电费了；阿迪飞啊看到了手机费；就是地方可垃圾收电费了；阿迪飞啊看到了手机费；就是地方可垃圾收电费了；阿迪飞啊看到了手机费；就是地方可垃圾收电费了；阿迪飞啊看到了手机费；就是地方可垃圾收电费了；阿迪飞啊看到了手机费；就是地方可垃圾收电费了；阿迪飞啊看到了手机费；就是地方可垃圾收电费了；阿迪飞啊看到了手机费；就是地方可垃圾收电费了；阿迪飞啊看到了手机费；就是地方可垃圾收电费了；阿迪飞啊看到了手机费；就是地方可垃圾收电费了；阿迪飞啊看到了手机费；就是地方可垃圾收电费了；阿迪飞啊看到了手机费；就是地方可垃圾收电费了；阿迪飞啊看到了手机费；就是地方可垃圾收电费了；阿迪飞啊看到了手机费；就是地方可垃圾收电费了；阿迪飞啊看到了手机费；就是地方可垃圾收电费了；阿迪飞啊看到了手机费；就是地方可垃圾收电费了；阿迪飞啊看到了手机费；就是地方可垃圾收电费了；阿迪飞啊看到了手机费；就是地方可垃圾收电费了；阿迪飞啊看到了手机费；就是地方可垃圾收电费了；阿迪飞啊看到了手机费；就是地方可垃圾收电费了；阿迪飞啊看到了手机费；就是地方可垃圾收电费了；阿迪飞啊看到了手机费；就是地方可垃圾收电费了；阿迪飞啊看到了手机费；就是地方可垃圾收电费了；阿迪飞啊看到了手机费；就是地方可垃圾收电费了；阿迪飞啊看到了手机费；就是地方可垃圾收电费了；阿迪飞啊看到了手机费；就是地方可垃圾收电费了；阿迪飞啊看到了手机费；就是地方可垃圾收电费了；阿迪飞啊看到了手机费；就是地方可垃圾收电费了；阿迪飞啊看到了手机费；就是地方可垃圾收电费了；阿迪飞啊看到了手机费；就是地方可垃圾收电费了；阿迪飞啊看到了手机费；就是地方可垃圾收电费了；阿迪飞啊看到了手机费；就是地方可垃圾收电费了；阿迪飞啊看到了手机费；就是地方可垃圾收电费了；阿迪飞d啊看到了手机费；就是地方可垃圾收电费了；阿迪飞啊看到了手机费；就是地方可垃圾收电费了；阿迪飞啊看到了手机费；就是地方可垃圾收电费了；阿迪飞啊看到了手机费；就是地方可垃圾收电费了；阿迪飞啊看到了手机费；就是地方可垃圾收电费了；阿迪飞啊看到了手机费；就是地方可垃圾收电费了；阿迪飞啊看到了手机费；就是地方可垃圾收电费了；阿迪飞啊看到了手机费；就是地方可垃圾收电费了；阿迪飞啊看到了手机费；就是地方可垃圾收电费了；阿迪飞啊看到了手机费；就是地方可垃圾收电费了；阿迪飞啊看到了手机费；就是地方可垃圾收电费了；阿迪飞啊看到了手机费；就是地方可垃圾收电费了；阿迪飞啊看到了手机费；就是地方可垃圾收电费了；阿迪飞啊看到了手机费；就是地方可垃圾收电费了；阿迪飞啊看到了手机费；就是地方可垃圾收电费了；阿迪飞啊看到了手机费；就是地方可垃圾收电费了；阿迪飞啊看到了手机费；就是地方可垃圾收电费了；阿迪飞啊看到了手机费；就是地方可垃圾收电费了；阿迪飞啊看到了手机费；就是地方可垃圾收电费了；阿迪飞啊看到了手机费；就是地方可垃圾收电费了；阿迪飞啊看到了手机费；就是地方可垃圾收电费了；阿迪飞啊看到了手机费；就是地方可垃圾收电费了；阿迪飞啊看到了手机费；就是地方可垃圾收电费了；阿迪飞啊看到了手机费；就是地方可垃圾收电费了；阿迪飞啊看到了手机费；就是地方可垃圾收电费了；阿迪飞啊看到了手机费；就是地方可垃圾收电费了；阿迪飞啊看到了手机费；就是地方可垃圾收电费了；阿迪飞啊看到了手机费；就是地方可垃圾收电费了；阿迪飞啊看到了手机费；就是地方可垃圾收电费了；阿迪飞啊看到了手机费；就是地方可垃圾收电费了；阿迪飞啊看到了手机费；就是地方可垃圾收电费了；阿迪飞啊看到了手机费；就是地方可垃圾收电费了；阿迪飞啊看到了手机费；就是地方可垃圾收电费了；阿迪飞啊看到了手机费；就是地方可垃圾收电费了；阿迪飞啊看到了手机费；就是地方可垃圾收电费了；阿迪飞啊看到了手机费；就是地方可垃圾收电费了；阿迪飞啊看到了手机费；就是地方可垃圾收电费了；阿迪飞啊看到了手机费；就是地方可垃圾收电费了；阿迪飞啊看到了手机费；就是地方可垃圾收电费了；阿迪飞啊看到了手机费；就是地方可垃圾收电费了；阿迪飞啊看到了手机费；就是地方可垃圾收电费了；阿迪飞啊看到了手机费；就是地方可垃圾收电费了；阿迪飞啊看到了手机费；就是地方可垃圾收电费了；阿迪飞啊看到了手机费；就是地方可垃圾收电费了；阿迪飞啊看到了手机费；就是地方可垃圾收电费了；阿迪飞啊看到了手机费；就是地方可垃圾收电费了；阿迪飞啊看到了手机费；就是地方可垃圾收电费了；阿迪飞啊看到了手机费；就是地方可垃圾收电费了；阿迪飞啊看到了手机费；就是地方可垃圾收电费了；阿迪飞啊看到了手机费；就是地方可垃圾收电费了；阿迪飞啊看到了手机费；就是地方可垃圾收电费了；阿迪飞啊看到了手机费；就是地方可垃圾收电费了；阿迪飞啊看到了手机费；就是地方可垃圾收电费了；阿迪飞啊看到了手机费；就是地方可垃圾收电费了；阿迪飞啊看到了手机费；就是地方可垃圾收电费了；阿迪飞啊看到了手机费；就是地方可垃圾收电费了；阿迪飞啊看到了手机费；就是地方可垃圾收电费了；阿迪飞啊看到了手机费；就是地方可垃圾收电费了；阿迪飞啊看到了手机费；就是地方可垃圾收电费了；阿迪飞啊看到了手机费；就是地方可垃圾收电费了；阿迪飞啊看到了手机费；就是地方可垃圾收电费了；阿迪飞啊看到了手机费；就是地方可垃圾收电费了；阿迪飞啊看到了手机费；就是地方可垃圾收电费了；阿迪飞啊看到了手机费；就是地方可垃圾收电费了；阿迪飞d', NULL, '2014-09-06 11:54:14', NULL, NULL, 1, 0, 0, 0),
(405116, 89, '啊看到了手机费；就是地方可垃圾收电费了；阿迪飞啊看到了手机费；就是地方可垃圾收电费了；阿迪飞啊看到了手机费；就是地方可垃圾收电费了；阿迪飞啊看到了手机费；就是地方可垃圾收电费了；阿迪飞啊看到了手机费；就是地方可垃圾收电费了；阿迪飞啊看到了手机费；就是地方可垃圾收电费了；阿迪飞啊看到了手机费；就是地方可垃圾收电费了；阿迪飞啊看到了手机费；就是地方可垃圾收电费了；阿迪飞啊看到了手机费；就是地方可垃圾收电费了；阿迪飞啊看到了手机费；就是地方可垃圾收电费了；阿迪飞啊看到了手机费；就是地方可垃圾收电费了；阿迪飞啊看到了手机费；就是地方可垃圾收电费了；阿迪飞啊看到了手机费；就是地方可垃圾收电费了；阿迪飞啊看到了手机费；就是地方可垃圾收电费了；阿迪飞啊看到了手机费；就是地方可垃圾收电费了；阿迪飞啊看到了手机费；就是地方可垃圾收电费了；阿迪飞啊看到了手机费；就是地方可垃圾收电费了；阿迪飞啊看到了手机费；就是地方可垃圾收电费了；阿迪飞啊看到了手机费；就是地方可垃圾收电费了；阿迪飞啊看到了手机费；就是地方可垃圾收电费了；阿迪飞啊看到了手机费；就是地方可垃圾收电费了；阿迪飞啊看到了手机费；就是地方可垃圾收电费了；阿迪飞啊看到了手机费；就是地方可垃圾收电费了；阿迪飞啊看到了手机费；就是地方可垃圾收电费了；阿迪飞啊看到了手机费；就是地方可垃圾收电费了；阿迪飞啊看到了手机费；就是地方可垃圾收电费了；阿迪飞啊看到了手机费；就是地方可垃圾收电费了；阿迪飞啊看到了手机费；就是地方可垃圾收电费了；阿迪飞啊看到了手机费；就是地方可垃圾收电费了；阿迪飞啊看到了手机费；就是地方可垃圾收电费了；阿迪飞啊看到了手机费；就是地方可垃圾收电费了；阿迪飞啊看到了手机费；就是地方可垃圾收电费了；阿迪飞啊看到了手机费；就是地方可垃圾收电费了；阿迪飞啊看到了手机费；就是地方可垃圾收电费了；阿迪飞啊看到了手机费；就是地方可垃圾收电费了；阿迪飞啊看到了手机费；就是地方可垃圾收电费了；阿迪飞啊看到了手机费；就是地方可垃圾收电费了；阿迪飞啊看到了手机费；就是地方可垃圾收电费了；阿迪飞啊看到了手机费；就是地方可垃圾收电费了；阿迪飞啊看到了手机费；就是地方可垃圾收电费了；阿迪飞啊看到了手机费；就是地方可垃圾收电费了；阿迪飞啊看到了手机费；就是地方可垃圾收电费了；阿迪飞啊看到了手机费；就是地方可垃圾收电费了；阿迪飞啊看到了手机费；就是地方可垃圾收电费了；阿迪飞啊看到了手机费；就是地方可垃圾收电费了；阿迪飞啊看到了手机费；就是地方可垃圾收电费了；阿迪飞啊看到了手机费；就是地方可垃圾收电费了；阿迪飞啊看到了手机费；就是地方可垃圾收电费了；阿迪飞啊看到了手机费；就是地方可垃圾收电费了；阿迪飞啊看到了手机费；就是地方可垃圾收电费了；阿迪飞啊看到了手机费；就是地方可垃圾收电费了；阿迪飞啊看到了手机费；就是地方可垃圾收电费了；阿迪飞啊看到了手机费；就是地方可垃圾收电费了；阿迪飞啊看到了手机费；就是地方可垃圾收电费了；阿迪飞啊看到了手机费；就是地方可垃圾收电费了；阿迪飞啊看到了手机费；就是地方可垃圾收电费了；阿迪飞啊看到了手机费；就是地方可垃圾收电费了；阿迪飞啊看到了手机费；就是地方可垃圾收电费了；阿迪飞啊看到了手机费；就是地方可垃圾收电费了；阿迪飞啊看到了手机费；就是地方可垃圾收电费了；阿迪飞啊看到了手机费；就是地方可垃圾收电费了；阿迪飞啊看到了手机费；就是地方可垃圾收电费了；阿迪飞啊看到了手机费；就是地方可垃圾收电费了；阿迪飞啊看到了手机费；就是地方可垃圾收电费了；阿迪飞d啊看到了手机费；就是地方可垃圾收电费了；阿迪飞啊看到了手机费；就是地方可垃圾收电费了；阿迪飞啊看到了手机费；就是地方可垃圾收电费了；阿迪飞啊看到了手机费；就是地方可垃圾收电费了；阿迪飞啊看到了手机费；就是地方可垃圾收电费了；阿迪飞啊看到了手机费；就是地方可垃圾收电费了；阿迪飞啊看到了手机费；就是地方可垃圾收电费了；阿迪飞啊看到了手机费；就是地方可垃圾收电费了；阿迪飞啊看到了手机费；就是地方可垃圾收电费了；阿迪飞啊看到了手机费；就是地方可垃圾收电费了；阿迪飞啊看到了手机费；就是地方可垃圾收电费了；阿迪飞啊看到了手机费；就是地方可垃圾收电费了；阿迪飞啊看到了手机费；就是地方可垃圾收电费了；阿迪飞啊看到了手机费；就是地方可垃圾收电费了；阿迪飞啊看到了手机费；就是地方可垃圾收电费了；阿迪飞啊看到了手机费；就是地方可垃圾收电费了；阿迪飞啊看到了手机费；就是地方可垃圾收电费了；阿迪飞啊看到了手机费；就是地方可垃圾收电费了；阿迪飞啊看到了手机费；就是地方可垃圾收电费了；阿迪飞啊看到了手机费；就是地方可垃圾收电费了；阿迪飞啊看到了手机费；就是地方可垃圾收电费了；阿迪飞啊看到了手机费；就是地方可垃圾收电费了；阿迪飞啊看到了手机费；就是地方可垃圾收电费了；阿迪飞啊看到了手机费；就是地方可垃圾收电费了；阿迪飞啊看到了手机费；就是地方可垃圾收电费了；阿迪飞啊看到了手机费；就是地方可垃圾收电费了；阿迪飞啊看到了手机费；就是地方可垃圾收电费了；阿迪飞啊看到了手机费；就是地方可垃圾收电费了；阿迪飞啊看到了手机费；就是地方可垃圾收电费了；阿迪飞啊看到了手机费；就是地方可垃圾收电费了；阿迪飞啊看到了手机费；就是地方可垃圾收电费了；阿迪飞啊看到了手机费；就是地方可垃圾收电费了；阿迪飞啊看到了手机费；就是地方可垃圾收电费了；阿迪飞啊看到了手机费；就是地方可垃圾收电费了；阿迪飞啊看到了手机费；就是地方可垃圾收电费了；阿迪飞啊看到了手机费；就是地方可垃圾收电费了；阿迪飞啊看到了手机费；就是地方可垃圾收电费了；阿迪飞啊看到了手机费；就是地方可垃圾收电费了；阿迪飞啊看到了手机费；就是地方可垃圾收电费了；阿迪飞啊看到了手机费；就是地方可垃圾收电费了；阿迪飞啊看到了手机费；就是地方可垃圾收电费了；阿迪飞啊看到了手机费；就是地方可垃圾收电费了；阿迪飞啊看到了手机费；就是地方可垃圾收电费了；阿迪飞啊看到了手机费；就是地方可垃圾收电费了；阿迪飞啊看到了手机费；就是地方可垃圾收电费了；阿迪飞啊看到了手机费；就是地方可垃圾收电费了；阿迪飞啊看到了手机费；就是地方可垃圾收电费了；阿迪飞啊看到了手机费；就是地方可垃圾收电费了；阿迪飞啊看到了手机费；就是地方可垃圾收电费了；阿迪飞啊看到了手机费；就是地方可垃圾收电费了；阿迪飞啊看到了手机费；就是地方可垃圾收电费了；阿迪飞啊看到了手机费；就是地方可垃圾收电费了；阿迪飞啊看到了手机费；就是地方可垃圾收电费了；阿迪飞啊看到了手机费；就是地方可垃圾收电费了；阿迪飞啊看到了手机费；就是地方可垃圾收电费了；阿迪飞啊看到了手机费；就是地方可垃圾收电费了；阿迪飞啊看到了手机费；就是地方可垃圾收电费了；阿迪飞啊看到了手机费；就是地方可垃圾收电费了；阿迪飞啊看到了手机费；就是地方可垃圾收电费了；阿迪飞啊看到了手机费；就是地方可垃圾收电费了；阿迪飞啊看到了手机费；就是地方可垃圾收电费了；阿迪飞啊看到了手机费；就是地方可垃圾收电费了；阿迪飞啊看到了手机费；就是地方可垃圾收电费了；阿迪飞啊看到了手机费；就是地方可垃圾收电费了；阿迪飞d啊看到了手机费；就是地方可垃圾收电费了；阿迪飞啊看到了手机费；就是地方可垃圾收电费了；阿迪飞啊看到了手机费；就是地方可垃圾收电费了；阿迪飞啊看到了手机费；就是地方可垃圾收电费了；阿迪飞啊看到了手机费；就是地方可垃圾收电费了；阿迪飞啊看到了手机费；就是地方可垃圾收电费了；阿迪飞啊看到了手机费；就是地方可垃圾收电费了；阿迪飞啊看到了手机费；就是地方可垃圾收电费了；阿迪飞啊看到了手机费；就是地方可垃圾收电费了；阿迪飞啊看到了手机费；就是地方可垃圾收电费了；阿迪飞啊看到了手机费；就是地方可垃圾收电费了；阿迪飞啊看到了手机费；就是地方可垃圾收电费了；阿迪飞啊看到了手机费；就是地方可垃圾收电费了；阿迪飞啊看到了手机费；就是地方可垃圾收电费了；阿迪飞啊看到了手机费；就是地方可垃圾收电费了；阿迪飞啊看到了手机费；就是地方可垃圾收电费了；阿迪飞啊看到了手机费；就是地方可垃圾收电费了；阿迪飞啊看到了手机费；就是地方可垃圾收电费了；阿迪飞啊看到了手机费；就是地方可垃圾收电费了；阿迪飞啊看到了手机费；就是地方可垃圾收电费了；阿迪飞啊看到了手机费；就是地方可垃圾收电费了；阿迪飞啊看到了手机费；就是地方可垃圾收电费了；阿迪飞啊看到了手机费；就是地方可垃圾收电费了；阿迪飞啊看到了手机费；就是地方可垃圾收电费了；阿迪飞啊看到了手机费；就是地方可垃圾收电费了；阿迪飞啊看到了手机费；就是地方可垃圾收电费了；阿迪飞啊看到了手机费；就是地方可垃圾收电费了；阿迪飞啊看到了手机费；就是地方可垃圾收电费了；阿迪飞啊看到了手机费；就是地方可垃圾收电费了；阿迪飞啊看到了手机费；就是地方可垃圾收电费了；阿迪飞啊看到了手机费；就是地方可垃圾收电费了；阿迪飞啊看到了手机费；就是地方可垃圾收电费了；阿迪飞啊看到了手机费；就是地方可垃圾收电费了；阿迪飞啊看到了手机费；就是地方可垃圾收电费了；阿迪飞啊看到了手机费；就是地方可垃圾收电费了；阿迪飞啊看到了手机费；就是地方可垃圾收电费了；阿迪飞啊看到了手机费；就是地方可垃圾收电费了；阿迪飞啊看到了手机费；就是地方可垃圾收电费了；阿迪飞啊看到了手机费；就是地方可垃圾收电费了；阿迪飞啊看到了手机费；就是地方可垃圾收电费了；阿迪飞啊看到了手机费；就是地方可垃圾收电费了；阿迪飞啊看到了手机费；就是地方可垃圾收电费了；阿迪飞啊看到了手机费；就是地方可垃圾收电费了；阿迪飞啊看到了手机费；就是地方可垃圾收电费了；阿迪飞啊看到了手机费；就是地方可垃圾收电费了；阿迪飞啊看到了手机费；就是地方可垃圾收电费了；阿迪飞啊看到了手机费；就是地方可垃圾收电费了；阿迪飞啊看到了手机费；就是地方可垃圾收电费了；阿迪飞啊看到了手机费；就是地方可垃圾收电费了；阿迪飞啊看到了手机费；就是地方可垃圾收电费了；阿迪飞啊看到了手机费；就是地方可垃圾收电费了；阿迪飞啊看到了手机费；就是地方可垃圾收电费了；阿迪飞啊看到了手机费；就是地方可垃圾收电费了；阿迪飞啊看到了手机费；就是地方可垃圾收电费了；阿迪飞啊看到了手机费；就是地方可垃圾收电费了；阿迪飞啊看到了手机费；就是地方可垃圾收电费了；阿迪飞啊看到了手机费；就是地方可垃圾收电费了；阿迪飞啊看到了手机费；就是地方可垃圾收电费了；阿迪飞啊看到了手机费；就是地方可垃圾收电费了；阿迪飞啊看到了手机费；就是地方可垃圾收电费了；阿迪飞啊看到了手机费；就是地方可垃圾收电费了；阿迪飞啊看到了手机费；就是地方可垃圾收电费了；阿迪飞啊看到了手机费；就是地方可垃圾收电费了；阿迪飞啊看到了手机费；就是地方可垃圾收电费了；阿迪飞d啊看到了手机费；就是地方可垃圾收电费了；阿迪飞啊看到了手机费；就是地方可垃圾收电费了；阿迪飞啊看到了手机费；就是地方可垃圾收电费了；阿迪飞啊看到了手机费；就是地方可垃圾收电费了；阿迪飞啊看到了手机费；就是地方可垃圾收电费了；阿迪飞啊看到了手机费；就是地方可垃圾收电费了；阿迪飞啊看到了手机费；就是地方可垃圾收电费了；阿迪飞啊看到了手机费；就是地方可垃圾收电费了；阿迪飞啊看到了手机费；就是地方可垃圾收电费了；阿迪飞啊看到了手机费；就是地方可垃圾收电费了；阿迪飞啊看到了手机费；就是地方可垃圾收电费了；阿迪飞啊看到了手机费；就是地方可垃圾收电费了；阿迪飞啊看到了手机费；就是地方可垃圾收电费了；阿迪飞啊看到了手机费；就是地方可垃圾收电费了；阿迪飞啊看到了手机费；就是地方可垃圾收电费了；阿迪飞啊看到了手机费；就是地方可垃圾收电费了；阿迪飞啊看到了手机费；就是地方可垃圾收电费了；阿迪飞啊看到了手机费；就是地方可垃圾收电费了；阿迪飞啊看到了手机费；就是地方可垃圾收电费了；阿迪飞啊看到了手机费；就是地方可垃圾收电费了；阿迪飞啊看到了手机费；就是地方可垃圾收电费了；阿迪飞啊看到了手机费；就是地方可垃圾收电费了；阿迪飞啊看到了手机费；就是地方可垃圾收电费了；阿迪飞啊看到了手机费；就是地方可垃圾收电费了；阿迪飞啊看到了手机费；就是地方可垃圾收电费了；阿迪飞啊看到了手机费；就是地方可垃圾收电费了；阿迪飞啊看到了手机费；就是地方可垃圾收电费了；阿迪飞啊看到了手机费；就是地方可垃圾收电费了；阿迪飞啊看到了手机费；就是地方可垃圾收电费了；阿迪飞啊看到了手机费；就是地方可垃圾收电费了；阿迪飞啊看到了手机费；就是地方可垃圾收电费了；阿迪飞啊看到了手机费；就是地方可垃圾收电费了；阿迪飞啊看到了手机费；就是地方可垃圾收电费了；阿迪飞啊看到了手机费；就是地方可垃圾收电费了；阿迪飞啊看到了手机费；就是地方可垃圾收电费了；阿迪飞啊看到了手机费；就是地方可垃圾收电费了；阿迪飞啊看到了手机费；就是地方可垃圾收电费了；阿迪飞啊看到了手机费；就是地方可垃圾收电费了；阿迪飞啊看到了手机费；就是地方可垃圾收电费了；阿迪飞啊看到了手机费；就是地方可垃圾收电费了；阿迪飞啊看到了手机费；就是地方可垃圾收电费了；阿迪飞啊看到了手机费；就是地方可垃圾收电费了；阿迪飞啊看到了手机费；就是地方可垃圾收电费了；阿迪飞啊看到了手机费；就是地方可垃圾收电费了；阿迪飞啊看到了手机费；就是地方可垃圾收电费了；阿迪飞啊看到了手机费；就是地方可垃圾收电费了；阿迪飞啊看到了手机费；就是地方可垃圾收电费了；阿迪飞啊看到了手机费；就是地方可垃圾收电费了；阿迪飞啊看到了手机费；就是地方可垃圾收电费了；阿迪飞啊看到了手机费；就是地方可垃圾收电费了；阿迪飞啊看到了手机费；就是地方可垃圾收电费了；阿迪飞啊看到了手机费；就是地方可垃圾收电费了；阿迪飞啊看到了手机费；就是地方可垃圾收电费了；阿迪飞啊看到了手机费；就是地方可垃圾收电费了；阿迪飞啊看到了手机费；就是地方可垃圾收电费了；阿迪飞啊看到了手机费；就是地方可垃圾收电费了；阿迪飞啊看到了手机费；就是地方可垃圾收电费了；阿迪飞啊看到了手机费；就是地方可垃圾收电费了；阿迪飞啊看到了手机费；就是地方可垃圾收电费了；阿迪飞啊看到了手机费；就是地方可垃圾收电费了；阿迪飞啊看到了手机费；就是地方可垃圾收电费了；阿迪飞啊看到了手机费；就是地方可垃圾收电费了；阿迪飞啊看到了手机费；就是地方可垃圾收电费了；阿迪飞啊看到了手机费；就是地方可垃圾收电费了；阿迪飞d啊看到了手机费；就是地方可垃圾收电费了；阿迪飞啊看到了手机费；就是地方可垃圾收电费了；阿迪飞啊看到了手机费；就是地方可垃圾收电费了；阿迪飞啊看到了手机费；就是地方可垃圾收电费了；阿迪飞啊看到了手机费；就是地方可垃圾收电费了；阿迪飞啊看到了手机费；就是地方可垃圾收电费了；阿迪飞啊看到了手机费；就是地方可垃圾收电费了；阿迪飞啊看到了手机费；就是地方可垃圾收电费了；阿迪飞啊看到了手机费；就是地方可垃圾收电费了；阿迪飞啊看到了手机费；就是地方可垃圾收电费了；阿迪飞啊看到了手机费；就是地方可垃圾收电费了；阿迪飞啊看到了手机费；就是地方可垃圾收电费了；阿迪飞啊看到了手机费；就是地方可垃圾收电费了；阿迪飞啊看到了手机费；就是地方可垃圾收电费了；阿迪飞啊看到了手机费；就是地方可垃圾收电费了；阿迪飞啊看到了手机费；就是地方可垃圾收电费了；阿迪飞啊看到了手机费；就是地方可垃圾收电费了；阿迪飞啊看到了手机费；就是地方可垃圾收电费了；阿迪飞啊看到了手机费；就是地方可垃圾收电费了；阿迪飞啊看到了手机费；就是地方可垃圾收电费了；阿迪飞啊看到了手机费；就是地方可垃圾收电费了；阿迪飞啊看到了手机费；就是地方可垃圾收电费了；阿迪飞啊看到了手机费；就是地方可垃圾收电费了；阿迪飞啊看到了手机费；就是地方可垃圾收电费了；阿迪飞啊看到了手机费；就是地方可垃圾收电费了；阿迪飞啊看到了手机费；就是地方可垃圾收电费了；阿迪飞啊看到了手机费；就是地方可垃圾收电费了；阿迪飞啊看到了手机费；就是地方可垃圾收电费了；阿迪飞啊看到了手机费；就是地方可垃圾收电费了；阿迪飞啊看到了手机费；就是地方可垃圾收电费了；阿迪飞啊看到了手机费；就是地方可垃圾收电费了；阿迪飞啊看到了手机费；就是地方可垃圾收电费了；阿迪飞啊看到了手机费；就是地方可垃圾收电费了；阿迪飞啊看到了手机费；就是地方可垃圾收电费了；阿迪飞啊看到了手机费；就是地方可垃圾收电费了；阿迪飞啊看到了手机费；就是地方可垃圾收电费了；阿迪飞啊看到了手机费；就是地方可垃圾收电费了；阿迪飞啊看到了手机费；就是地方可垃圾收电费了；阿迪飞啊看到了手机费；就是地方可垃圾收电费了；阿迪飞啊看到了手机费；就是地方可垃圾收电费了；阿迪飞啊看到了手机费；就是地方可垃圾收电费了；阿迪飞啊看到了手机费；就是地方可垃圾收电费了；阿迪飞啊看到了手机费；就是地方可垃圾收电费了；阿迪飞啊看到了手机费；就是地方可垃圾收电费了；阿迪飞啊看到了手机费；就是地方可垃圾收电费了；阿迪飞啊看到了手机费；就是地方可垃圾收电费了；阿迪飞啊看到了手机费；就是地方可垃圾收电费了；阿迪飞啊看到了手机费；就是地方可垃圾收电费了；阿迪飞啊看到了手机费；就是地方可垃圾收电费了；阿迪飞啊看到了手机费；就是地方可垃圾收电费了；阿迪飞啊看到了手机费；就是地方可垃圾收电费了；阿迪飞啊看到了手机费；就是地方可垃圾收电费了；阿迪飞啊看到了手机费；就是地方可垃圾收电费了；阿迪飞啊看到了手机费；就是地方可垃圾收电费了；阿迪飞啊看到了手机费；就是地方可垃圾收电费了；阿迪飞啊看到了手机费；就是地方可垃圾收电费了；阿迪飞啊看到了手机费；就是地方可垃圾收电费了；阿迪飞啊看到了手机费；就是地方可垃圾收电费了；阿迪飞啊看到了手机费；就是地方可垃圾收电费了；阿迪飞啊看到了手机费；就是地方可垃圾收电费了；阿迪飞啊看到了手机费；就是地方可垃圾收电费了；阿迪飞啊看到了手机费；就是地方可垃圾收电费了；阿迪飞啊看到了手机费；就是地方可垃圾收电费了；阿迪飞啊看到了手机费；就是地方可垃圾收电费了；阿迪飞d', NULL, '2014-09-06 11:55:20', NULL, NULL, 1, 0, 0, 0),
(405117, 89, '爱的色放看见了', NULL, '2014-09-06 11:55:31', NULL, NULL, 1, 0, 0, 0),
(405118, 89, '阿斯顿飞', NULL, '2014-09-06 11:56:40', NULL, NULL, 1, 0, 0, 0),
(405119, 89, '阿斯顿飞', NULL, '2014-09-06 11:57:09', NULL, NULL, 1, 0, 0, 0),
(405120, 89, '阿斯顿飞阿迪飞', NULL, '2014-09-06 11:57:15', NULL, NULL, 1, 0, 0, 0),
(405121, 89, '阿斯顿飞阿迪飞', NULL, '2014-09-06 11:57:22', NULL, NULL, 1, 0, 0, 0),
(405122, 89, 'dafsdf', NULL, '2014-09-06 12:03:24', NULL, NULL, 1, 0, 0, 0),
(405123, 89, 'dafsdf', NULL, '2014-09-06 12:04:07', NULL, NULL, 1, 0, 0, 0),
(405124, 89, 'asdf', NULL, '2014-09-06 12:05:30', NULL, NULL, 1, 0, 0, 0),
(405125, 89, '果断', NULL, '2014-09-06 12:05:37', NULL, NULL, 1, 0, 0, 0),
(405126, 89, '打发第三方', NULL, '2014-09-06 12:16:05', NULL, NULL, 1, 0, 0, 0),
(405127, 89, '打发第三方', NULL, '2014-09-06 12:16:21', NULL, NULL, 1, 0, 0, 0),
(405128, 89, '打发第三方', NULL, '2014-09-06 12:16:25', NULL, NULL, 1, 0, 0, 0),
(405129, 89, '打发第三方', NULL, '2014-09-06 12:18:46', NULL, NULL, 1, 0, 0, 0),
(405130, 89, '打发第三方', NULL, '2014-09-06 12:18:48', NULL, NULL, 1, 0, 0, 0),
(405131, 89, '打发第三方', NULL, '2014-09-06 12:19:08', NULL, NULL, 1, 0, 0, 1),
(405132, 89, '打发第三方', NULL, '2014-09-06 12:19:16', NULL, NULL, 1, 0, 0, 1),
(405133, 85, 'zfsdf', NULL, '2014-09-28 16:05:01', NULL, NULL, 1, 0, 0, 0),
(405134, 85, 'sdfgsddgsdsdfgsfdff', NULL, '2014-09-28 16:05:07', NULL, NULL, 1, 0, 0, 7),
(405135, 85, 'dfgdhdg', NULL, '2014-09-28 16:05:26', NULL, NULL, 1, 0, 0, 0),
(405136, 85, 'dfgdhdg', NULL, '2014-09-28 16:06:02', NULL, NULL, 1, 0, 0, 0),
(405137, 85, 'dgsdfgsdf', NULL, '2014-09-28 16:06:09', NULL, NULL, 1, 0, 0, 5),
(405138, 85, 'sdfgssgsdfdsgdsgss', NULL, '2014-09-28 16:06:18', NULL, NULL, 1, 0, 0, 0),
(405139, 89, 'fgdgf', NULL, '2014-09-30 17:10:22', NULL, NULL, 1, 0, 0, 0),
(405140, 89, 'sdfasdf', NULL, '2014-09-30 17:10:25', NULL, NULL, 1, 0, 0, 0);

-- --------------------------------------------------------

--
-- 表的结构 `idea_info`
--

CREATE TABLE IF NOT EXISTS `idea_info` (
  `idea_id` int(11) NOT NULL AUTO_INCREMENT,
  `name` varchar(60) NOT NULL,
  `tags` varchar(30) DEFAULT NULL,
  `brief` text NOT NULL,
  `content` text NOT NULL,
  `user_id` int(11) NOT NULL,
  `user_name` varchar(20) DEFAULT NULL,
  `picture_url` varchar(100) DEFAULT NULL,
  `vedio_url` varchar(100) DEFAULT NULL,
  `create_time` date DEFAULT NULL,
  `begin_time` date DEFAULT NULL,
  `end_time` date DEFAULT NULL,
  `idea_status` int(11) DEFAULT '2',
  `success_time` datetime DEFAULT NULL,
  `price` double(6,2) DEFAULT NULL,
  `sum_comment` int(11) DEFAULT '0',
  `sum_like` int(11) DEFAULT '0',
  `sum_attention` int(11) DEFAULT NULL,
  `sum_view` int(11) DEFAULT NULL,
  `sum_buy` int(11) DEFAULT NULL,
  `group_id` int(11) DEFAULT NULL,
  `is_recommend` tinyint(4) DEFAULT '0',
  `sum_share` int(11) DEFAULT '0',
  `target` int(11) NOT NULL DEFAULT '0',
  `cover_display` int(11) DEFAULT '1',
  PRIMARY KEY (`idea_id`)
) ENGINE=InnoDB  DEFAULT CHARSET=utf8 AUTO_INCREMENT=92 ;

--
-- 转存表中的数据 `idea_info`
--

INSERT INTO `idea_info` (`idea_id`, `name`, `tags`, `brief`, `content`, `user_id`, `user_name`, `picture_url`, `vedio_url`, `create_time`, `begin_time`, `end_time`, `idea_status`, `success_time`, `price`, `sum_comment`, `sum_like`, `sum_attention`, `sum_view`, `sum_buy`, `group_id`, `is_recommend`, `sum_share`, `target`, `cover_display`) VALUES
(83, 'inWatch Z智能手表', '智能 手表 穿戴设备', '', '<p>                                                    </p><p>                                                    </p><p>我们认为智能腕表将成为数字处理终端的终结者，届时，人们只需带上一只智能腕表，就可以无论何时何地的满足自己的需求，解决所有的问题。因此，inwatch应运而生。inWatch Z是我们的最新型号产品，是我们同众筹网合作推出的众筹定制款inWatch，并将在tobemaker进行独家预售。</p><h2>产品热点：</h2><p>1.&nbsp;InWatchZ手表经过设计师的精心打造，在材质上非常的新颖独特。它的前表壳是金属色泽，简约大方；手表的后盖则为陶瓷质地，千万别小看手腕上细如凝脂的陶瓷部分，不论是制作工艺还是佩戴感受，都得到了众多爱表人事的喜爱。</p><p>2.&nbsp;InWatchZ手表虽然体积与普通手表并无差别，但是它内置500万像素的摄像头，相当于一部手机的拍照功能。它的设计，可以让您更加便捷地去记录生活中的点点滴滴与美好瞬间。</p><p>3.&nbsp;InWatchZ手表现在正在针对用户体验式预售，支持产品并在众筹网购买产品的部分用户可以于2013年10月15日前收到InWatchZ手表的体验版。</p><p><br></p><h2>我们想要做什么：</h2><p>智能手机作为个人的数字生活中心已经很多年了，我想大家都不会认为智能手机就是我们数字处理终端的终结者吧？显然不是，那么智能终端的下一代产品会是什么样的？我们认为是智能穿戴产品，在智能穿戴产品当中，我们认为腕表是最有优势和潜力的。</p><p>智能手机变得越来越大，屏幕已经从3.5寸发展到了6.4寸，在很多场景之下用户根本不需要如此巨大的屏幕来解决他们的需求，而且用户的需求是永无止境的，6.4寸对用户来讲难道就足够大了么？我们的未来有可能所有平面都会成为屏幕，这可以在康宁和微软公司正在验证的计划中窥出端倪。</p><p>届时，人们只需要带上自己的一个智能运算中心，就可以无论何时何地的满足自己的需求，解决所有的问题，这个时间有可能需要三到五年，最多八年。因此，我们认为智能腕表的发展前景和市场潜力是巨大的，同时也能为人们的生活带来极大的便利。所以，我们开始了对inWatch智能腕表系列产品的研发。</p><p><br></p><p>此外，一款个人智能数字产品，一定需要具备自身everywhere、everytime的能力才能满足足够的需求并且很好的服务于生态系统。我们将inWatch&nbsp;Z定位成一款全时在线的个人消息中心与语音助理，能够最大程度的解放我们的双手，让我们把很多不需要手机解决的需求用手表快速的解决掉。例如inWatch&nbsp;Z具备GPS定位；定位救助；基于位置与兴趣的社交；手机来电消息提醒；手表控制手机与手机管理；微博、微信、玩拍、等定制应用；NFC近场通讯；云端管理；云端管理；个人助理等功能。</p><p>同时，我们也将inWatch&nbsp;Z设定成为一个每天贴身的健康助手，可以利用机身内集成的传感器进行每天简单的运动监测与统计，让佩戴的人更好的了解自己每天的运动情况。而且即使下雨也不必担心，因为inWatch&nbsp;Z具有IP56级防水功能。</p><h2>为什么需要你的支持:</h2><p>我们的梦想是将中国制造，变为中国创造；当然，这不是我们一家小公司可以完成的，需要由我们大家一起来努力，因为这是我们作为中国企业的社会责任。目前我们已经得到了很多的资本、媒体的关注，接下来我们需要的是消费者的支持与理解，希望大家不要对本土品牌抱有偏见。也许我们还不是最优秀的，但我们在努力做到最好！</p><p>                                                </p><p>                                                </p>', 1, 'admin中文', 'http://yzzwordpress.qiniudn.com/FiTz02gWW0wLKdL_f38y2m1ZnAGc', NULL, '2014-09-03', '2014-09-01', '2014-09-30', 5, NULL, 200.00, 28, 87, NULL, NULL, NULL, NULL, 0, 0, 30, 0),
(84, '编结而成的祝福—中国结', '', '', '<p>                                                    </p><p>                    </p><h2>关于我们<br></h2><p></p><p>“除了听，我们什么都能做”<br>有这样一群人，他们生活在无声的世界，无法接收到外界的信息；有这样一群人，他们没有高学历，没有专业的技能，却有着一双灵巧的手。一根红绳，三缠两绕结成祝福，一件配饰，环环相扣连成吉祥。</p><p></p><h2>我们想要做什么</h2><p>中国结，一种古老而又寓意吉祥的饰物，在上古时期便开始使用。沿袭至今，许多技法都已失传。为了更好的发扬传统手工艺制品，我们希望能够通过我们的双手，把这耀眼的中国红再次传扬。同时也可以为我们这个特殊的群体提供一个平台，用我们的手艺改善我们的生活。下面是我们的一些作品：<br>千里姻缘一线牵，一根普通的红绳，连接着一对对有情人。</p><p><br></p><p>为什么我们需要您的支持<br>我们是一个特殊的团队，因为共同的爱好—手工而结识，一样的梦想着有一天，能够有一家属于自己的手工坊。我们一起研究、一起学习、一起创作，想完成这个梦想。然而现实总有那么多的不允许，低微的收入使我们无法继续我们的脚步。偶然间发现了众筹网，心中的梦想突然燃烧起来，或许我们无法筹集到开一家店面的资金，但还是希望能够通过一滴一点的积累，一点一滴的收集，最终实现我们的梦想。中国结，一种古朴却又不失时尚的饰物，在中国风复苏的今天日趋流行。虽然我们不能言语，却怀揣真心，编织着这吉祥而又富有中国特色的手工作品，把丝丝祝福融入作品中，传递给那些支持我们，喜欢传统手工艺的人们。</p><h1>关于资金</h1><p>我们计划把资金作为购买中国结制作的线、配件等原材料，制作精美的礼品回报给予我们支持者，聋人手工制作者的手工费以及对中国结进一步的学习中。</p><h2>我们的承诺与回报</h2><h2></h2><p></p><p>支持10元<br>您将获得”三生石”红绳手链一串。<br>手链配置:<br>1.&nbsp;红色/黑色8mm玛瑙1颗，6mm玛瑙4颗；（玛瑙均为采购）<br>2.&nbsp;纯手工菠萝结2个。<br></p><p>支持20元</p><p>您将获得“梦里水乡”青花瓷手链一串。</p><p>手链配置：</p><p>1.&nbsp;精选蜡绳编织；</p><p>2.&nbsp;精选景德镇青花瓷珠（10mm）4颗，6mm2颗；</p><p>3.&nbsp;精选景德镇纯色瓷珠10mm1颗。</p><p>支持30元</p><p>您将获得“富贵花开”青花瓷项链一条。</p><p>项链配置：</p><p>1.&nbsp;精选景德镇青花瓷牡丹花配件1个；</p><p>2.&nbsp;精选景德镇青花瓷珠6mm4颗，8mm6颗；</p><p>支持50元</p><p>您将获得“珠联璧合”红绳手链一串。</p><p>手链配置：</p><p>1.&nbsp;红玛瑙/黑玛瑙（6mm）16颗，确保颗颗圆润，色泽均匀。（玛瑙均为采购）</p><p>2.&nbsp;以精品玉线编结而成，纯手工制作。</p><p>支持100元</p><p>您将获得中国结挂饰“吉庆有余”一件以及“梦里水乡”青花瓷手链一串。</p><p>中国结挂饰配置：</p><p>1.图中所示的各种结艺组合；</p><p>2.&nbsp;景德镇精品小瓷壶1个，花色随机；</p><p>3.&nbsp;精选景德镇瓷珠3-5颗，花色随机；</p><p>4.&nbsp;高档流苏。</p><p>支持200元</p><p>您将获得“八方来贺”中国结挂饰一件、“梦里水乡”青花瓷手链一串以及“富贵花开”青花瓷项链一条。</p><p>中国结挂饰配置：</p><p>1.图片所示各类结艺组合；</p><p>2.景德镇精品陶瓷瓶1个，花色随机；</p><p>3.景德镇精品陶瓷片2个，花色随机；</p><p>4.高档流苏。</p><p>支持300元</p><p>您将获得上述所有手工制品各1件</p><p>我们确保，每件成品都是纯手工制作。同时手链可根据各位的手围进行制作，确保适合个人佩戴。同时我们承诺<br>项目获得成功后，以最快的时间将图片的产品汇报给大家。如果收到货物有破损或问题，我们将及时解决。感谢众筹网给我们这样的平台，也感谢大家的支持。</p><p></p><p>                    </p><p>                                                </p>', 1, 'admin中文', 'http://yzzwordpress.qiniudn.com/Fu7OoFQhZx3iCiaf0NJMRf-ihv-3', NULL, '2014-09-03', '2014-09-03', '2014-09-30', 5, NULL, 0.00, 27, 10, NULL, NULL, NULL, NULL, 4, 0, 0, 1),
(85, '人人都是设计师——天然宝石', '', '', '<p>                                                    </p><p>                    </p><h2>关于安妮时尚珠宝<br></h2><p><b>我们是ANNIE''S安妮时尚珠宝，创立于 2005年，专业做纯天然金银珠宝饰品，也是近几年在互联网上迅速崛起的时尚珠宝品牌, 以简约、唯美、自我主张为独树一帜的设计风格, 备受白领和职业精英人群的追捧。</b></p><p>安妮时尚珠宝的引领者主要有三位：&nbsp;<br></p><p>创始人是ANNIE杨女士，生于1973年，毕业于北航，早期从事互联网行业，后于2000年旅居爱尔兰，在欧洲旅行期间受到欧洲艺术的启迪，进入英国谢菲尔德哈勒姆大学艺术设计学院进修珠宝设计专业，2005年底回国创立安妮时尚珠宝品牌，并任首席设计师。ANNIE杨女士怀抱一颗辛勤创业的坚定之心，有着对美对传播美丽的极大渴望，在她的努力下，公司已初见规模，且她设计的珠宝饰品已成为多家电商平台的畅销产品。</p><p>ROSE鲍，2003年毕业于北京师范大学，负责推广和手串定制项目。ROSE鲍近年一直从事活跃的时尚类工作，涉猎极广，不拘一格，于2012年正式加入安妮时尚。“没有理想就没有坚定的方向”是她的座右铭，也是她奋斗在安妮各个工作领域的动力，近期推出的定制手串样本就有几款是她设计的，与专业设计师同步为自己也为爱美人士传播美丽和情感。<br></p><p>毕业自计算机专业的巍巍主要负责宝石材料和饰品成品的分类管理及运营工作，在安妮时尚创立初期就一直追随ANNIE杨女士。敬业、踏实、细腻是巍巍的优质特点，对美好人生的憧憬，对美丽宝石饰品的热爱是她的原动力，在她的努力下，公司的各个环节都井井有条，紧密配合。</p><h2>安妮新推专属定制手串</h2><p>我们这期推出的是专属定制手串的新项目，可由用户自选款式、自由搭配：您不仅可以亲自体验创意的乐趣，佩戴的手串也具唯一性，我们是第一家可以做到快速海量定制手串的珠宝品牌，且这种快速专属定制的概念将引领行业潮流。</p><p>下面呈现的是三款定制手串，串珠已经搭配好，支持者可以自选独具意义的吊坠，比如各种英文字母可代表“我”和“他（她）”的姓名首字母，也可以是其他意义的英文字母“I”是“我”、“U”是“你”，还可以是很酷很温馨的“@”和“笑脸”，你想怎么搭就怎么选，完全具有独创性，这种专属意义的手串绝对独一无二，你想自戴或是送人都是很好的选择。</p><p>第一款：极富年代感的青金搭配糖果黄色的蜜蜡手串，历史与时尚的完美融合。吊坠“U”代表“你”，你还可以选A-Z的任何字母、“@”或“笑脸”。</p><p><br></p><p>第二款：糖果粉色的摩根石搭配翠绿色的A级翡翠，十足的甜美公主范儿。吊坠“I”代表“我”，你还可以选A-Z的任何字母、“@”或“笑脸”。</p><p><img alt="人人都是设计师——天然宝石的专属定制   ()" src="http://zrstatic.wangxingroup.com/attachment/201408/28/10/5ab02fc0d38b6b395f845b4cdcf2c1de47.jpg"></p><p><img alt="人人都是设计师——天然宝石的专属定制   ()" src="http://zrstatic.wangxingroup.com/attachment/201408/28/10/c83b20b1fef13ded801debc5c0a0362412.jpg"></p><p>第三款：带有高贵颜色的紫水晶手串，不仅能使你内心平静，还能提升你的气质。吊坠“A”代表“他”或“她”的姓名首字母，你还可以选A-Z的任何字母、“@”或“笑脸”。</p><p><img alt="人人都是设计师——天然宝石的专属定制   ()" src="http://zrstatic.wangxingroup.com/attachment/201408/28/10/55d6deb0817ea7c31a6544aeb7132d0f88.jpg"></p><p><img alt="人人都是设计师——天然宝石的专属定制   ()" src="http://zrstatic.wangxingroup.com/attachment/201408/28/10/0b49495e40ed17f3b48c2469333ad00429.jpg"></p><p><b>支持者可自选独具意义的纯银吊坠</b></p><p><img alt="人人都是设计师——天然宝石的专属定制   ()" src="http://zrstatic.wangxingroup.com/attachment/201408/28/10/f1fa5dc34e4d8a4b4f0cd31fd4dd046c18.jpg"></p><p><b>天然珠宝&nbsp; 手工定制</b></p><p><img alt="人人都是设计师——天然宝石的专属定制   ()" src="http://zrstatic.wangxingroup.com/attachment/201408/28/10/d1259a6c963ff8a3973fd772f133eb2b88.jpg"></p><p><b>天然珠宝权威NGTC检验证书（ NGTC—国家珠宝玉石质量检测中心，是GIA美国宝石学院唯一的中国合作伙伴。）</b></p><p><img alt="人人都是设计师——天然宝石的专属定制   ()" src="http://zrstatic.wangxingroup.com/attachment/201408/28/10/6aa93e9ad702a1ab405286cf8e29915383.jpg"></p><h2>安妮需要您的支持</h2><p>中国的珠宝市场，鱼龙混杂，假冒伪劣横行，虽然我们名气远比不上大牌，但是我们始终坚持做纯天然珠宝，坚守品质，为此我们会付出较高的运营成本。我们坚信，为懂我们的客户奉上最真实天然的美，任何代价都是值得的。</p><p>近期我们正在创新开发一款应用产品，用户一打开该应用，动动手指就能简单轻松的选择珠宝→搭配手串→下单订购，这一产品将使科技应用与珠宝创意完美结合，开创了由用户自主创意设计手串的新纪元，使每一位有独立审美的人士都能充分发挥他(或她)的艺术想象天分。我们还计划于年底在商业区写字楼开一家主题体验店，让您亲身体验科技与珠宝的完美结合，您作为会员不但可以品尝着咖啡，也可以闲适的搭配自己的串珠挂件，您佩戴的手串将是您的设计、您的品味和您的独创。</p><p>我们想做很多创意美好的事情，这些都离不开您的支持和鼓励！如果您和我们一样，喜欢天然真实的珠宝，坚守自我创意理念，就请支持我们的理想，让我们一直坚持和您一起做富有创意的天然珠宝，所有支持我们的朋友都会得到一份纯天然珠宝手串。</p><p>                    </p><p>                                                </p>', 1, 'admin中文', 'http://yzzwordpress.qiniudn.com/Fu7OoFQhZx3iCiaf0NJMRf-ihv-3', NULL, '2014-09-03', '0000-00-00', '0000-00-00', 5, NULL, 0.00, 26, 2, NULL, NULL, NULL, NULL, 0, 0, 0, 0),
(89, '没事的', '号段', '', '<p>来电文章</p>', 78, 'zhaoyic@qq.com', '', NULL, '2014-09-05', '2014-09-05', '2014-09-19', 4, NULL, NULL, 26, 1, NULL, NULL, NULL, NULL, 0, 0, 20, 0),
(90, '阿斯顿飞', '阿斯顿飞', '', '<p>                    </p><p><img src="http://tobemaker-pub.qiniudn.com/Fp5nejFeoixzEwytGaR3cN5o7u7Z"><img src="http://tobemaker-pub.qiniudn.com/FjrHMI53FzX-liBR3-wh2bETbdzM"></p><p><br></p><p><br></p><p>                    </p><p><img src="http://tobemaker-pub.qiniudn.com/Fq1Y3cw2jFtrFeb0euWh8KxrPlvd"></p>', 1, 'admin中文', 'http://tobemaker-pub.qiniudn.com/Fscy1q9iDqwojyW8fqoFdiy8K8mX', NULL, '2014-09-07', '1970-01-01', '1970-01-01', 2, NULL, NULL, 8, 0, NULL, NULL, NULL, NULL, 0, 0, 100, 0),
(91, '水电费', '', '', '<p><img src="http://tobemaker-pub.qiniudn.com/FgIJEwZjYSkgmuhsN0Ntc__8eKni"></p><p><img src="http://tobemaker-pub.qiniudn.com/FrpijX4ZtSyEO5nEnRKYqGUIgiOa"></p>', 1, 'admin中文', 'http://tobemaker-pub.qiniudn.com/Fp5nejFeoixzEwytGaR3cN5o7u7Z', NULL, '2014-09-07', NULL, NULL, 2, NULL, NULL, 8, 0, NULL, NULL, NULL, NULL, 0, 0, 0, 0);

-- --------------------------------------------------------

--
-- 表的结构 `idea_like`
--

CREATE TABLE IF NOT EXISTS `idea_like` (
  `addlike_id` int(11) NOT NULL AUTO_INCREMENT,
  `idea_id` int(11) DEFAULT NULL,
  `idea_name` varchar(60) DEFAULT NULL,
  `liker_id` int(11) DEFAULT NULL,
  `like_time` datetime DEFAULT NULL,
  `like_ip` varchar(20) DEFAULT NULL,
  `like_type` int(11) NOT NULL DEFAULT '0',
  PRIMARY KEY (`addlike_id`)
) ENGINE=InnoDB  DEFAULT CHARSET=utf8 AUTO_INCREMENT=40 ;

--
-- 转存表中的数据 `idea_like`
--

INSERT INTO `idea_like` (`addlike_id`, `idea_id`, `idea_name`, `liker_id`, `like_time`, `like_ip`, `like_type`) VALUES
(29, 85, '人人都是设计师——天然宝石', 1, '2014-09-05 09:25:35', NULL, 0),
(32, 83, 'inWatch Z智能手表', 1, '2014-09-05 13:46:17', NULL, 0),
(37, 85, '人人都是设计师——天然宝石', 1, '2014-09-05 15:58:52', NULL, 1),
(38, 89, '没事的', 1, '2014-09-28 16:04:21', NULL, 0),
(39, 83, 'inWatch Z智能手表', 1, '2014-09-30 15:31:17', NULL, 1);

-- --------------------------------------------------------

--
-- 表的结构 `idea_manage`
--

CREATE TABLE IF NOT EXISTS `idea_manage` (
  `manage_id` int(11) NOT NULL AUTO_INCREMENT,
  `idea_id` int(11) NOT NULL,
  `idea_status` int(11) DEFAULT NULL,
  `reason` text,
  `admin_id` int(11) DEFAULT NULL,
  `comment_time` datetime DEFAULT NULL,
  `last_change_time` datetime DEFAULT NULL,
  PRIMARY KEY (`manage_id`)
) ENGINE=InnoDB  DEFAULT CHARSET=utf8 AUTO_INCREMENT=77 ;

--
-- 转存表中的数据 `idea_manage`
--

INSERT INTO `idea_manage` (`manage_id`, `idea_id`, `idea_status`, `reason`, `admin_id`, `comment_time`, `last_change_time`) VALUES
(71, 84, 4, '', NULL, NULL, '2014-09-03 23:43:06'),
(72, 85, 2, NULL, NULL, NULL, '2014-09-03 23:56:51'),
(73, 86, 2, NULL, NULL, NULL, '2014-09-05 09:22:21'),
(74, 87, 2, NULL, NULL, NULL, '2014-09-05 11:59:14'),
(75, 88, 2, NULL, NULL, NULL, '2014-09-05 17:34:56'),
(76, 90, 2, NULL, NULL, NULL, '2014-09-07 09:49:03');

-- --------------------------------------------------------

--
-- 表的结构 `idea_message`
--

CREATE TABLE IF NOT EXISTS `idea_message` (
  `id` int(11) NOT NULL AUTO_INCREMENT,
  `sender_id` int(11) DEFAULT NULL,
  `context` text,
  `message_status` int(11) DEFAULT NULL,
  `send_time` timestamp NOT NULL DEFAULT CURRENT_TIMESTAMP,
  `receiver_id` int(11) NOT NULL,
  PRIMARY KEY (`id`)
) ENGINE=InnoDB  DEFAULT CHARSET=utf8 AUTO_INCREMENT=16 ;

--
-- 转存表中的数据 `idea_message`
--

INSERT INTO `idea_message` (`id`, `sender_id`, `context`, `message_status`, `send_time`, `receiver_id`) VALUES
(6, 1, 'good', 2, '2014-09-18 08:14:35', 1),
(9, 1, 'hi', 1, '2014-09-18 13:22:31', 0),
(10, 1, 'good day', 1, '2014-09-18 13:23:10', 0),
(11, 1, 'good day', 2, '2014-09-18 13:24:57', 78),
(12, 1, 'hao1', 2, '2014-09-18 13:30:59', 1),
(14, 1, 'hi', 1, '2014-09-18 14:07:20', 78),
(15, 1, 'df', 1, '2014-09-18 23:41:15', 1);

-- --------------------------------------------------------

--
-- 表的结构 `idea_recommend`
--

CREATE TABLE IF NOT EXISTS `idea_recommend` (
  `idea_id` int(11) DEFAULT NULL,
  `idea_name` varchar(60) DEFAULT NULL,
  `recommned_sort` int(11) DEFAULT NULL,
  `recommend_reason` text,
  `recommend_time` datetime DEFAULT NULL
) ENGINE=InnoDB DEFAULT CHARSET=utf8;

-- --------------------------------------------------------

--
-- 表的结构 `idea_share`
--

CREATE TABLE IF NOT EXISTS `idea_share` (
  `share_id` int(11) NOT NULL AUTO_INCREMENT,
  `idea_id` int(11) DEFAULT NULL,
  `idea_name` varchar(60) DEFAULT NULL,
  `share_user_id` int(11) DEFAULT NULL,
  `share_time` datetime DEFAULT NULL,
  `share_method` varchar(20) DEFAULT NULL,
  PRIMARY KEY (`share_id`)
) ENGINE=InnoDB DEFAULT CHARSET=utf8 AUTO_INCREMENT=1 ;

-- --------------------------------------------------------

--
-- 表的结构 `idea_status`
--

CREATE TABLE IF NOT EXISTS `idea_status` (
  `status_id` int(11) NOT NULL,
  `status_name` varchar(20) DEFAULT NULL,
  PRIMARY KEY (`status_id`)
) ENGINE=InnoDB DEFAULT CHARSET=utf8;

--
-- 转存表中的数据 `idea_status`
--

INSERT INTO `idea_status` (`status_id`, `status_name`) VALUES
(1, '待完善'),
(2, '待审核'),
(3, '审核失败'),
(4, '集赞'),
(5, ' 待产'),
(6, '完成生产'),
(7, '下线');

-- --------------------------------------------------------

--
-- 表的结构 `invitation_code`
--

CREATE TABLE IF NOT EXISTS `invitation_code` (
  `id` int(11) NOT NULL AUTO_INCREMENT,
  `creater_id` int(11) DEFAULT '0',
  `used` int(11) DEFAULT '0',
  `code` varchar(40) DEFAULT NULL,
  `invited_user_id` int(11) DEFAULT '0',
  `deadline` date DEFAULT NULL,
  PRIMARY KEY (`id`)
) ENGINE=InnoDB  DEFAULT CHARSET=utf8 AUTO_INCREMENT=5 ;

--
-- 转存表中的数据 `invitation_code`
--

INSERT INTO `invitation_code` (`id`, `creater_id`, `used`, `code`, `invited_user_id`, `deadline`) VALUES
(1, 0, 0, '59814', 0, NULL),
(2, 0, 1, '10721', 0, NULL),
(3, 0, 0, '77475', 0, NULL),
(4, 0, 0, '47152', 0, NULL);

-- --------------------------------------------------------

--
-- 表的结构 `product_category`
--

CREATE TABLE IF NOT EXISTS `product_category` (
  `pc_id` int(11) NOT NULL AUTO_INCREMENT,
  `pc_name` varchar(200) COLLATE utf8_bin NOT NULL,
  `pc_addDate` date DEFAULT NULL,
  `pc_status` varchar(100) COLLATE utf8_bin NOT NULL DEFAULT '正常',
  PRIMARY KEY (`pc_id`)
) ENGINE=InnoDB  DEFAULT CHARSET=utf8 COLLATE=utf8_bin AUTO_INCREMENT=4 ;

--
-- 转存表中的数据 `product_category`
--

INSERT INTO `product_category` (`pc_id`, `pc_name`, `pc_addDate`, `pc_status`) VALUES
(1, '鞋子', '2014-08-19', '正常'),
(2, '手表', '2014-08-20', '正常'),
(3, '上衣', '2014-08-20', '正常');

-- --------------------------------------------------------

--
-- 表的结构 `product_info`
--

CREATE TABLE IF NOT EXISTS `product_info` (
  `pf_id` int(11) NOT NULL AUTO_INCREMENT,
  `pf_name` varchar(200) COLLATE utf8_bin NOT NULL,
  `pf_image` varchar(400) COLLATE utf8_bin NOT NULL,
  `pf_link` varchar(400) COLLATE utf8_bin NOT NULL,
  `pf_label` varchar(100) COLLATE utf8_bin DEFAULT NULL,
  `pf_price` double(8,2) DEFAULT NULL,
  `pf_discount` double(8,2) DEFAULT NULL,
  `pc_id` int(11) NOT NULL,
  `user_id` int(11) DEFAULT NULL,
  `pf_addDate` date DEFAULT NULL,
  `pf_recommand` varchar(200) COLLATE utf8_bin DEFAULT NULL,
  `pf_status` varchar(100) COLLATE utf8_bin NOT NULL DEFAULT '正常',
  `pf_sort` int(11) NOT NULL DEFAULT '0',
  PRIMARY KEY (`pf_id`),
  KEY `FK_productinfo_category` (`pc_id`)
) ENGINE=InnoDB DEFAULT CHARSET=utf8 COLLATE=utf8_bin AUTO_INCREMENT=1 ;

-- --------------------------------------------------------

--
-- 表的结构 `user_follow`
--

CREATE TABLE IF NOT EXISTS `user_follow` (
  `id` int(11) NOT NULL AUTO_INCREMENT,
  `follower_id` int(11) NOT NULL,
  `followed_id` int(11) NOT NULL,
  `follow_time` datetime DEFAULT NULL,
  PRIMARY KEY (`id`)
) ENGINE=InnoDB DEFAULT CHARSET=utf8 AUTO_INCREMENT=1 ;

-- --------------------------------------------------------

--
-- 表的结构 `user_info`
--

CREATE TABLE IF NOT EXISTS `user_info` (
  `user_id` int(11) NOT NULL AUTO_INCREMENT,
  `user_name` varchar(30) DEFAULT NULL,
  `real_name` varchar(30) DEFAULT NULL,
  `user_email` varchar(30) DEFAULT NULL,
  `user_mobile` varchar(30) DEFAULT NULL,
  `user_passcode` varchar(40) DEFAULT NULL,
  `school` varchar(40) NOT NULL,
  `sex` varchar(10) DEFAULT NULL,
  `user_group` int(11) NOT NULL DEFAULT '1',
  `register_time` datetime DEFAULT NULL,
  `last_login_time` datetime DEFAULT NULL,
  `login_ip` varchar(30) DEFAULT NULL,
  `num_surpport` int(11) DEFAULT '0',
  `num_attention` int(11) DEFAULT '0',
  `num_share` int(11) DEFAULT '0',
  `money` double(6,2) DEFAULT NULL,
  `age` int(11) DEFAULT NULL,
  `birth` date DEFAULT NULL,
  `head_pic_url` varchar(100) DEFAULT NULL,
  `self_intro` text,
  `description` text,
  `occupation` varchar(30) DEFAULT NULL,
  `user_activity` varchar(2) NOT NULL DEFAULT 'Y',
  `user_invite_code` varchar(20) DEFAULT NULL,
  PRIMARY KEY (`user_id`),
  KEY `fk_group_id` (`user_group`)
) ENGINE=InnoDB  DEFAULT CHARSET=utf8 AUTO_INCREMENT=80 ;

--
-- 转存表中的数据 `user_info`
--

INSERT INTO `user_info` (`user_id`, `user_name`, `real_name`, `user_email`, `user_mobile`, `user_passcode`, `school`, `sex`, `user_group`, `register_time`, `last_login_time`, `login_ip`, `num_surpport`, `num_attention`, `num_share`, `money`, `age`, `birth`, `head_pic_url`, `self_intro`, `description`, `occupation`, `user_activity`, `user_invite_code`) VALUES
(1, 'admin中文', NULL, 'admin@qq.com', NULL, 'e10adc3949ba59abbe56e057f20f883e', 'df', NULL, 2, '2014-09-01 00:00:00', NULL, NULL, 0, 0, 0, NULL, NULL, NULL, 'http://yzzwordpress.qiniudn.com/Fp5nejFeoixzEwytGaR3cN5o7u7Z', 'dd', NULL, '职场清理员', 'Y', NULL),
(77, 'admindd', NULL, '123456@localhost.com', NULL, 'e10adc3949ba59abbe56e057f20f883e', '', '男', 2, NULL, NULL, NULL, 0, 0, 0, NULL, NULL, NULL, NULL, NULL, NULL, NULL, 'Y', '10721'),
(78, '大恶道', NULL, 'zhaoyic@qq.com', NULL, 'e10adc3949ba59abbe56e057f20f883e', '', NULL, 1, NULL, NULL, NULL, 0, 0, 0, NULL, NULL, NULL, NULL, '果断是', NULL, '得到', 'Y', '59814'),
(79, 'admin@localhost.com', NULL, 'admin@localhost.com', NULL, 'e10adc3949ba59abbe56e057f20f883e', '', NULL, 1, NULL, NULL, NULL, 0, 0, 0, NULL, NULL, NULL, NULL, NULL, NULL, NULL, 'Y', '59814');

--
-- 限制导出的表
--

--
-- 限制表 `attention`
--
ALTER TABLE `attention`
  ADD CONSTRAINT `fk_user_attention` FOREIGN KEY (`userid`) REFERENCES `user_info` (`user_id`);

--
-- 限制表 `group_auth`
--
ALTER TABLE `group_auth`
  ADD CONSTRAINT `fk_group_auth_id` FOREIGN KEY (`group_name`) REFERENCES `group` (`group_id`);

--
-- 限制表 `product_info`
--
ALTER TABLE `product_info`
  ADD CONSTRAINT `FK_productinfo_category` FOREIGN KEY (`pc_id`) REFERENCES `product_category` (`pc_id`);

--
-- 限制表 `user_info`
--
ALTER TABLE `user_info`
  ADD CONSTRAINT `fk_group_id` FOREIGN KEY (`user_group`) REFERENCES `group` (`group_id`);

/*!40101 SET CHARACTER_SET_CLIENT=@OLD_CHARACTER_SET_CLIENT */;
/*!40101 SET CHARACTER_SET_RESULTS=@OLD_CHARACTER_SET_RESULTS */;
/*!40101 SET COLLATION_CONNECTION=@OLD_COLLATION_CONNECTION */;
